-- phpMyAdmin SQL Dump
-- version 5.2.1
-- https://www.phpmyadmin.net/
--
-- Hôte : 127.0.0.1
-- Généré le : ven. 26 mai 2023 à 00:19
-- Version du serveur : 10.4.28-MariaDB
-- Version de PHP : 8.1.17

SET SQL_MODE = "NO_AUTO_VALUE_ON_ZERO";
START TRANSACTION;
SET time_zone = "+00:00";


/*!40101 SET @OLD_CHARACTER_SET_CLIENT=@@CHARACTER_SET_CLIENT */;
/*!40101 SET @OLD_CHARACTER_SET_RESULTS=@@CHARACTER_SET_RESULTS */;
/*!40101 SET @OLD_COLLATION_CONNECTION=@@COLLATION_CONNECTION */;
/*!40101 SET NAMES utf8mb4 */;

--
-- Base de données : `blogue2`
--

-- --------------------------------------------------------

--
-- Structure de la table `abonnee`
--

CREATE TABLE `abonnee` (
  `id_abonnee` int(11) NOT NULL,
  `nom` varchar(100) NOT NULL,
  `email` varchar(100) NOT NULL,
  `mp` varchar(100) NOT NULL,
  `photo` varchar(100) NOT NULL
) ENGINE=InnoDB DEFAULT CHARSET=utf8mb4 COLLATE=utf8mb4_general_ci;

--
-- Déchargement des données de la table `abonnee`
--

INSERT INTO `abonnee` (`id_abonnee`, `nom`, `email`, `mp`, `photo`) VALUES
(1, 'Houda', 'houda@gmail.com', 'taratata', 'houda.jpg'),
(2, 'Eloufi', 'eloufi@gmail.com', 'taratata', 'eloufi.png'),
(3, 'Zakaria', 'zaka@gmail.com', 'taratata', 'zaka.jpg'),
(4, 'Houda', 'houda@gmail.com', 'taratata', 'houda.png'),
(5, 'aaa', 'aaa', 'aaa', 'aaaa'),
(6, 'aaaaaaaaaa', 'tyutyut@sdfsdfs', 'aaa', 'person-5.jpg'),
(7, 'xxx', 'xxxx@xxxx', 'xxx', 'person-5.jpg'),
(8, 'zzzz', 'zzzz@zzzz', 'zzz', '1683904125_person-7.jpg'),
(9, 'zzzz', 'zzzz@zzzz', 'zzz', '1683904583_person-7.jpg'),
(10, 'Moujib Abdo', 'Moujib@jmail.com', 'azerty', '1683904643_person-1.jpg');

-- --------------------------------------------------------

--
-- Structure de la table `aimer`
--

CREATE TABLE `aimer` (
  `id_aimer` int(11) NOT NULL,
  `id_abonnee` int(11) NOT NULL,
  `id_article` int(11) NOT NULL,
  `dateaimer` datetime NOT NULL DEFAULT current_timestamp()
) ENGINE=InnoDB DEFAULT CHARSET=utf8mb4 COLLATE=utf8mb4_general_ci;

--
-- Déchargement des données de la table `aimer`
--

INSERT INTO `aimer` (`id_aimer`, `id_abonnee`, `id_article`, `dateaimer`) VALUES
(2, 1, 8, '2023-05-16 12:30:06'),
(3, 1, 5, '2023-05-16 12:30:30'),
(4, 10, 8, '2023-05-16 12:30:42'),
(5, 2, 9, '2023-05-16 12:49:55'),
(6, 3, 9, '2023-05-16 12:49:55'),
(7, 2, 3, '2023-05-16 17:13:55'),
(34, 1, 9, '2023-05-25 18:01:10'),
(51, 3, 11, '2023-05-25 18:28:42'),
(53, 1, 12, '2023-05-25 18:55:26'),
(54, 3, 3, '2023-05-25 23:28:52'),
(55, 3, 5, '2023-05-25 23:29:21'),
(56, 2, 8, '2023-05-25 23:30:11'),
(57, 10, 5, '2023-05-25 23:31:36'),
(58, 2, 5, '2023-05-25 23:33:07');

-- --------------------------------------------------------

--
-- Structure de la table `articles`
--

CREATE TABLE `articles` (
  `id_article` int(11) NOT NULL,
  `titre` varchar(100) DEFAULT NULL,
  `contenu` text DEFAULT NULL,
  `date` date NOT NULL DEFAULT current_timestamp(),
  `categorie` varchar(100) DEFAULT NULL,
  `id_abonnee` int(11) DEFAULT NULL,
  `vues` int(11) NOT NULL DEFAULT 0
) ENGINE=InnoDB DEFAULT CHARSET=utf8mb4 COLLATE=utf8mb4_general_ci;

--
-- Déchargement des données de la table `articles`
--

INSERT INTO `articles` (`id_article`, `titre`, `contenu`, `date`, `categorie`, `id_abonnee`, `vues`) VALUES
(1, 'Get Back to Work, New York', 'Sunt reprehenderit, hic vel optio odit est dolore, distinctio iure itaque enim pariatur ducimus. Rerum soluta, perspiciatis voluptatum cupiditate praesentium repellendus quas expedita exercitationem tempora aliquam quaerat in eligendi adipisci harum non omnis reprehenderit quidem beatae modi. Ea fugiat enim libero, ipsam dicta explicabo nihil, tempore, nulla repellendus eos necessitatibus eligendi corporis cum? Eaque harum, eligendi itaque numquam aliquam soluta.\r\n\r\nExplicabo perspiciatis, laborum provident voluptates illum in nulla consectetur atque quaerat excepturi quisquam, veniam velit ex pariatur quos consequuntur? Excepturi reiciendis perferendis, cupiditate dolorem eos illum amet. Beatae voluptates nemo esse ratione voluptate, nesciunt fugit magnam veritatis voluptas dignissimos doloribus maiores? Aliquam, dolores natus exercitationem corrupti blanditiis, consequuntur nihil nobis sed voluptatibus maiores sunt, illo provident aliquid laborum. Vitae, ut.\r\n\r\nReprehenderit aut sed doloribus blanditiis, aspernatur magni? In molestias rem, similique ut esse repudiandae quod recusandae dolores neque earum omnis at, suscipit fuga? Minima qui veniam deserunt quisquam error amet at ratione nesciunt porro quis placeat repudiandae voluptatibus officiis fuga necessitatibus, expedita officia adipisci eaque labore accusamus? Nesciunt repellat illo exercitationem facilis similique quaerat, quis sequi? Praesentium nulla ipsam dolor.\r\n\r\nDolorum, incidunt! Adipisci harum itaque maxime dolores doloremque porro eligendi quis, doloribus vel sit rerum sunt obcaecati nam suscipit nulla vitae alias blanditiis aliquam debitis atque illo modi et placeat. Ratione iure eveniet provident. Culpa laboriosam sed ad quia. Corrupti, earum, perferendis dolore cupiditate sint nihil maiores iusto tempora nobis porro itaque est. Ut laborum culpa assumenda pariatur et perferendis?\r\n\r\nEst soluta veritatis laboriosam, consequuntur temporibus asperiores, fugit id a ullam sed, expedita sequi doloribus fugiat. Odio et necessitatibus enim nam, iste reprehenderit cupiditate omnis ut iure aliquid obcaecati, repellendus nemo provident eveniet tempora minus! Voluptates aut laboriosam, maiores nihil accusantium, a dolorum quaerat tenetur illo eum culpa cum laudantium sunt doloremque modi possimus magni? Perferendis cum repudiandae corrupti porro.\r\nSunt reprehenderit, hic vel optio odit est dolore, distinctio iure itaque enim pariatur ducimus. Rerum soluta, perspiciatis voluptatum cupiditate praesentium repellendus quas expedita exercitationem tempora aliquam quaerat in eligendi adipisci harum non omnis reprehenderit quidem beatae modi. Ea fugiat enim libero, ipsam dicta explicabo nihil, tempore, nulla repellendus eos necessitatibus eligendi corporis cum? Eaque harum, eligendi itaque numquam aliquam soluta.\r\n\r\nExplicabo perspiciatis, laborum provident voluptates illum in nulla consectetur atque quaerat excepturi quisquam, veniam velit ex pariatur quos consequuntur? Excepturi reiciendis perferendis, cupiditate dolorem eos illum amet. Beatae voluptates nemo esse ratione voluptate, nesciunt fugit magnam veritatis voluptas dignissimos doloribus maiores? Aliquam, dolores natus exercitationem corrupti blanditiis, consequuntur nihil nobis sed voluptatibus maiores sunt, illo provident aliquid laborum. Vitae, ut.\r\n\r\nReprehenderit aut sed doloribus blanditiis, aspernatur magni? In molestias rem, similique ut esse repudiandae quod recusandae dolores neque earum omnis at, suscipit fuga? Minima qui veniam deserunt quisquam error amet at ratione nesciunt porro quis placeat repudiandae voluptatibus officiis fuga necessitatibus, expedita officia adipisci eaque labore accusamus? Nesciunt repellat illo exercitationem facilis similique quaerat, quis sequi? Praesentium nulla ipsam dolor.\r\n\r\nDolorum, incidunt! Adipisci harum itaque maxime dolores doloremque porro eligendi quis, doloribus vel sit rerum sunt obcaecati nam suscipit nulla vitae alias blanditiis aliquam debitis atque illo modi et placeat. Ratione iure eveniet provident. Culpa laboriosam sed ad quia. Corrupti, earum, perferendis dolore cupiditate sint nihil maiores iusto tempora nobis porro itaque est. Ut laborum culpa assumenda pariatur et perferendis?\r\n\r\nEst soluta veritatis laboriosam, consequuntur temporibus asperiores, fugit id a ullam sed, expedita sequi doloribus fugiat. Odio et necessitatibus enim nam, iste reprehenderit cupiditate omnis ut iure aliquid obcaecati, repellendus nemo provident eveniet tempora minus! Voluptates aut laboriosam, maiores nihil accusantium, a dolorum quaerat tenetur illo eum culpa cum laudantium sunt doloremque modi possimus magni? Perferendis cum repudiandae corrupti porro.', '2023-03-29', 'Sport', 1, 0),
(2, 'Get 2 Back to Work, New York', 'Sunt reprehenderit, hic vel optio odit est dolore, distinctio iure itaque enim pariatur ducimus. Rerum soluta, perspiciatis voluptatum cupiditate praesentium repellendus quas expedita exercitationem tempora aliquam quaerat in eligendi adipisci harum non omnis reprehenderit quidem beatae modi. Ea fugiat enim libero, ipsam dicta explicabo nihil, tempore, nulla repellendus eos necessitatibus eligendi corporis cum? Eaque harum, eligendi itaque numquam aliquam soluta.\r\n\r\nExplicabo perspiciatis, laborum provident voluptates illum in nulla consectetur atque quaerat excepturi quisquam, veniam velit ex pariatur quos consequuntur? Excepturi reiciendis perferendis, cupiditate dolorem eos illum amet. Beatae voluptates nemo esse ratione voluptate, nesciunt fugit magnam veritatis voluptas dignissimos doloribus maiores? Aliquam, dolores natus exercitationem corrupti blanditiis, consequuntur nihil nobis sed voluptatibus maiores sunt, illo provident aliquid laborum. Vitae, ut.\r\n\r\nReprehenderit aut sed doloribus blanditiis, aspernatur magni? In molestias rem, similique ut esse repudiandae quod recusandae dolores neque earum omnis at, suscipit fuga? Minima qui veniam deserunt quisquam error amet at ratione nesciunt porro quis placeat repudiandae voluptatibus officiis fuga necessitatibus, expedita officia adipisci eaque labore accusamus? Nesciunt repellat illo exercitationem facilis similique quaerat, quis sequi? Praesentium nulla ipsam dolor.\r\n\r\nDolorum, incidunt! Adipisci harum itaque maxime dolores doloremque porro eligendi quis, doloribus vel sit rerum sunt obcaecati nam suscipit nulla vitae alias blanditiis aliquam debitis atque illo modi et placeat. Ratione iure eveniet provident. Culpa laboriosam sed ad quia. Corrupti, earum, perferendis dolore cupiditate sint nihil maiores iusto tempora nobis porro itaque est. Ut laborum culpa assumenda pariatur et perferendis?\r\n\r\nEst soluta veritatis laboriosam, consequuntur temporibus asperiores, fugit id a ullam sed, expedita sequi doloribus fugiat. Odio et necessitatibus enim nam, iste reprehenderit cupiditate omnis ut iure aliquid obcaecati, repellendus nemo provident eveniet tempora minus! Voluptates aut laboriosam, maiores nihil accusantium, a dolorum quaerat tenetur illo eum culpa cum laudantium sunt doloremque modi possimus magni? Perferendis cum repudiandae corrupti porro.\r\nSunt reprehenderit, hic vel optio odit est dolore, distinctio iure itaque enim pariatur ducimus. Rerum soluta, perspiciatis voluptatum cupiditate praesentium repellendus quas expedita exercitationem tempora aliquam quaerat in eligendi adipisci harum non omnis reprehenderit quidem beatae modi. Ea fugiat enim libero, ipsam dicta explicabo nihil, tempore, nulla repellendus eos necessitatibus eligendi corporis cum? Eaque harum, eligendi itaque numquam aliquam soluta.\r\n\r\nExplicabo perspiciatis, laborum provident voluptates illum in nulla consectetur atque quaerat excepturi quisquam, veniam velit ex pariatur quos consequuntur? Excepturi reiciendis perferendis, cupiditate dolorem eos illum amet. Beatae voluptates nemo esse ratione voluptate, nesciunt fugit magnam veritatis voluptas dignissimos doloribus maiores? Aliquam, dolores natus exercitationem corrupti blanditiis, consequuntur nihil nobis sed voluptatibus maiores sunt, illo provident aliquid laborum. Vitae, ut.\r\n\r\nReprehenderit aut sed doloribus blanditiis, aspernatur magni? In molestias rem, similique ut esse repudiandae quod recusandae dolores neque earum omnis at, suscipit fuga? Minima qui veniam deserunt quisquam error amet at ratione nesciunt porro quis placeat repudiandae voluptatibus officiis fuga necessitatibus, expedita officia adipisci eaque labore accusamus? Nesciunt repellat illo exercitationem facilis similique quaerat, quis sequi? Praesentium nulla ipsam dolor.\r\n\r\nDolorum, incidunt! Adipisci harum itaque maxime dolores doloremque porro eligendi quis, doloribus vel sit rerum sunt obcaecati nam suscipit nulla vitae alias blanditiis aliquam debitis atque illo modi et placeat. Ratione iure eveniet provident. Culpa laboriosam sed ad quia. Corrupti, earum, perferendis dolore cupiditate sint nihil maiores iusto tempora nobis porro itaque est. Ut laborum culpa assumenda pariatur et perferendis?\r\n\r\nEst soluta veritatis laboriosam, consequuntur temporibus asperiores, fugit id a ullam sed, expedita sequi doloribus fugiat. Odio et necessitatibus enim nam, iste reprehenderit cupiditate omnis ut iure aliquid obcaecati, repellendus nemo provident eveniet tempora minus! Voluptates aut laboriosam, maiores nihil accusantium, a dolorum quaerat tenetur illo eum culpa cum laudantium sunt doloremque modi possimus magni? Perferendis cum repudiandae corrupti porro.', '2023-03-29', 'Cuisine', 2, 0),
(3, 'Get Back to Work, New York', 'Sunt reprehenderit, hic vel optio odit est dolore, distinctio iure itaque enim pariatur ducimus. Rerum soluta, perspiciatis voluptatum cupiditate praesentium repellendus quas expedita exercitationem tempora aliquam quaerat in eligendi adipisci harum non omnis reprehenderit quidem beatae modi. Ea fugiat enim libero, ipsam dicta explicabo nihil, tempore, nulla repellendus eos necessitatibus eligendi corporis cum? Eaque harum, eligendi itaque numquam aliquam soluta.\r\n\r\nExplicabo perspiciatis, laborum provident voluptates illum in nulla consectetur atque quaerat excepturi quisquam, veniam velit ex pariatur quos consequuntur? Excepturi reiciendis perferendis, cupiditate dolorem eos illum amet. Beatae voluptates nemo esse ratione voluptate, nesciunt fugit magnam veritatis voluptas dignissimos doloribus maiores? Aliquam, dolores natus exercitationem corrupti blanditiis, consequuntur nihil nobis sed voluptatibus maiores sunt, illo provident aliquid laborum. Vitae, ut.\r\n\r\nReprehenderit aut sed doloribus blanditiis, aspernatur magni? In molestias rem, similique ut esse repudiandae quod recusandae dolores neque earum omnis at, suscipit fuga? Minima qui veniam deserunt quisquam error amet at ratione nesciunt porro quis placeat repudiandae voluptatibus officiis fuga necessitatibus, expedita officia adipisci eaque labore accusamus? Nesciunt repellat illo exercitationem facilis similique quaerat, quis sequi? Praesentium nulla ipsam dolor.\r\n\r\nDolorum, incidunt! Adipisci harum itaque maxime dolores doloremque porro eligendi quis, doloribus vel sit rerum sunt obcaecati nam suscipit nulla vitae alias blanditiis aliquam debitis atque illo modi et placeat. Ratione iure eveniet provident. Culpa laboriosam sed ad quia. Corrupti, earum, perferendis dolore cupiditate sint nihil maiores iusto tempora nobis porro itaque est. Ut laborum culpa assumenda pariatur et perferendis?\r\n\r\nEst soluta veritatis laboriosam, consequuntur temporibus asperiores, fugit id a ullam sed, expedita sequi doloribus fugiat. Odio et necessitatibus enim nam, iste reprehenderit cupiditate omnis ut iure aliquid obcaecati, repellendus nemo provident eveniet tempora minus! Voluptates aut laboriosam, maiores nihil accusantium, a dolorum quaerat tenetur illo eum culpa cum laudantium sunt doloremque modi possimus magni? Perferendis cum repudiandae corrupti porro.\r\nSunt reprehenderit, hic vel optio odit est dolore, distinctio iure itaque enim pariatur ducimus. Rerum soluta, perspiciatis voluptatum cupiditate praesentium repellendus quas expedita exercitationem tempora aliquam quaerat in eligendi adipisci harum non omnis reprehenderit quidem beatae modi. Ea fugiat enim libero, ipsam dicta explicabo nihil, tempore, nulla repellendus eos necessitatibus eligendi corporis cum? Eaque harum, eligendi itaque numquam aliquam soluta.\r\n\r\nExplicabo perspiciatis, laborum provident voluptates illum in nulla consectetur atque quaerat excepturi quisquam, veniam velit ex pariatur quos consequuntur? Excepturi reiciendis perferendis, cupiditate dolorem eos illum amet. Beatae voluptates nemo esse ratione voluptate, nesciunt fugit magnam veritatis voluptas dignissimos doloribus maiores? Aliquam, dolores natus exercitationem corrupti blanditiis, consequuntur nihil nobis sed voluptatibus maiores sunt, illo provident aliquid laborum. Vitae, ut.\r\n\r\nReprehenderit aut sed doloribus blanditiis, aspernatur magni? In molestias rem, similique ut esse repudiandae quod recusandae dolores neque earum omnis at, suscipit fuga? Minima qui veniam deserunt quisquam error amet at ratione nesciunt porro quis placeat repudiandae voluptatibus officiis fuga necessitatibus, expedita officia adipisci eaque labore accusamus? Nesciunt repellat illo exercitationem facilis similique quaerat, quis sequi? Praesentium nulla ipsam dolor.\r\n\r\nDolorum, incidunt! Adipisci harum itaque maxime dolores doloremque porro eligendi quis, doloribus vel sit rerum sunt obcaecati nam suscipit nulla vitae alias blanditiis aliquam debitis atque illo modi et placeat. Ratione iure eveniet provident. Culpa laboriosam sed ad quia. Corrupti, earum, perferendis dolore cupiditate sint nihil maiores iusto tempora nobis porro itaque est. Ut laborum culpa assumenda pariatur et perferendis?\r\n\r\nEst soluta veritatis laboriosam, consequuntur temporibus asperiores, fugit id a ullam sed, expedita sequi doloribus fugiat. Odio et necessitatibus enim nam, iste reprehenderit cupiditate omnis ut iure aliquid obcaecati, repellendus nemo provident eveniet tempora minus! Voluptates aut laboriosam, maiores nihil accusantium, a dolorum quaerat tenetur illo eum culpa cum laudantium sunt doloremque modi possimus magni? Perferendis cum repudiandae corrupti porro.', '2023-03-29', 'Informatique', 5, 0),
(4, 'Get 4 toto Back to Work, New York', 'Sunt reprehenderit, hic vel optio odit est dolore, distinctio iure itaque enim pariatur ducimus. Rerum soluta, perspiciatis voluptatum cupiditate praesentium repellendus quas expedita exercitationem tempora aliquam quaerat in eligendi adipisci harum non omnis reprehenderit quidem beatae modi. Ea fugiat enim libero, ipsam dicta explicabo nihil, tempore, nulla repellendus eos necessitatibus eligendi corporis cum? Eaque harum, eligendi itaque numquam aliquam soluta.\r\n\r\nExplicabo perspiciatis, laborum provident voluptates illum in nulla consectetur atque quaerat excepturi quisquam, veniam velit ex pariatur quos consequuntur? Excepturi reiciendis perferendis, cupiditate dolorem eos illum amet. Beatae voluptates nemo esse ratione voluptate, nesciunt fugit magnam veritatis voluptas dignissimos doloribus maiores? Aliquam, dolores natus exercitationem corrupti blanditiis, consequuntur nihil nobis sed voluptatibus maiores sunt, illo provident aliquid laborum. Vitae, ut.\r\n\r\nReprehenderit aut sed doloribus blanditiis, aspernatur magni? In molestias rem, similique ut esse repudiandae quod recusandae dolores neque earum omnis at, suscipit fuga? Minima qui veniam deserunt quisquam error amet at ratione nesciunt porro quis placeat repudiandae voluptatibus officiis fuga necessitatibus, expedita officia adipisci eaque labore accusamus? Nesciunt repellat illo exercitationem facilis similique quaerat, quis sequi? Praesentium nulla ipsam dolor.\r\n\r\nDolorum, incidunt! Adipisci harum itaque maxime dolores doloremque porro eligendi quis, doloribus vel sit rerum sunt obcaecati nam suscipit nulla vitae alias blanditiis aliquam debitis atque illo modi et placeat. Ratione iure eveniet provident. Culpa laboriosam sed ad quia. Corrupti, earum, perferendis dolore cupiditate sint nihil maiores iusto tempora nobis porro itaque est. Ut laborum culpa assumenda pariatur et perferendis?\r\n\r\nEst soluta veritatis laboriosam, consequuntur temporibus asperiores, fugit id a ullam sed, expedita sequi doloribus fugiat. Odio et necessitatibus enim nam, iste reprehenderit cupiditate omnis ut iure aliquid obcaecati, repellendus nemo provident eveniet tempora minus! Voluptates aut laboriosam, maiores nihil accusantium, a dolorum quaerat tenetur illo eum culpa cum laudantium sunt doloremque modi possimus magni? Perferendis cum repudiandae corrupti porro.\r\nSunt reprehenderit, hic vel optio odit est dolore, distinctio iure itaque enim pariatur ducimus. Rerum soluta, perspiciatis voluptatum cupiditate praesentium repellendus quas expedita exercitationem tempora aliquam quaerat in eligendi adipisci harum non omnis reprehenderit quidem beatae modi. Ea fugiat enim libero, ipsam dicta explicabo nihil, tempore, nulla repellendus eos necessitatibus eligendi corporis cum? Eaque harum, eligendi itaque numquam aliquam soluta.\r\n\r\nExplicabo perspiciatis, laborum provident voluptates illum in nulla consectetur atque quaerat excepturi quisquam, veniam velit ex pariatur quos consequuntur? Excepturi reiciendis perferendis, cupiditate dolorem eos illum amet. Beatae voluptates nemo esse ratione voluptate, nesciunt fugit magnam veritatis voluptas dignissimos doloribus maiores? Aliquam, dolores natus exercitationem corrupti blanditiis, consequuntur nihil nobis sed voluptatibus maiores sunt, illo provident aliquid laborum. Vitae, ut.\r\n\r\nReprehenderit aut sed doloribus blanditiis, aspernatur magni? In molestias rem, similique ut esse repudiandae quod recusandae dolores neque earum omnis at, suscipit fuga? Minima qui veniam deserunt quisquam error amet at ratione nesciunt porro quis placeat repudiandae voluptatibus officiis fuga necessitatibus, expedita officia adipisci eaque labore accusamus? Nesciunt repellat illo exercitationem facilis similique quaerat, quis sequi? Praesentium nulla ipsam dolor.\r\n\r\nDolorum, incidunt! Adipisci harum itaque maxime dolores doloremque porro eligendi quis, doloribus vel sit rerum sunt obcaecati nam suscipit nulla vitae alias blanditiis aliquam debitis atque illo modi et placeat. Ratione iure eveniet provident. Culpa laboriosam sed ad quia. Corrupti, earum, perferendis dolore cupiditate sint nihil maiores iusto tempora nobis porro itaque est. Ut laborum culpa assumenda pariatur et perferendis?\r\n\r\nEst soluta veritatis laboriosam, consequuntur temporibus asperiores, fugit id a ullam sed, expedita sequi doloribus fugiat. Odio et necessitatibus enim nam, iste reprehenderit cupiditate omnis ut iure aliquid obcaecati, repellendus nemo provident eveniet tempora minus! Voluptates aut laboriosam, maiores nihil accusantium, a dolorum quaerat tenetur illo eum culpa cum laudantium sunt doloremque modi possimus magni? Perferendis cum repudiandae corrupti porro.', '2023-03-29', 'Mecanique', 3, 0),
(5, 'Get Back to Work, New York', 'Sunt reprehenderit, hic vel optio odit est dolore, distinctio iure itaque enim pariatur ducimus. Rerum soluta, perspiciatis voluptatum cupiditate praesentium repellendus quas expedita exercitationem tempora aliquam quaerat in eligendi adipisci harum non omnis reprehenderit quidem beatae modi. Ea fugiat enim libero, ipsam dicta explicabo nihil, tempore, nulla repellendus eos necessitatibus eligendi corporis cum? Eaque harum, eligendi itaque numquam aliquam soluta.\r\n\r\nExplicabo perspiciatis, laborum provident voluptates illum in nulla consectetur atque quaerat excepturi quisquam, veniam velit ex pariatur quos consequuntur? Excepturi reiciendis perferendis, cupiditate dolorem eos illum amet. Beatae voluptates nemo esse ratione voluptate, nesciunt fugit magnam veritatis voluptas dignissimos doloribus maiores? Aliquam, dolores natus exercitationem corrupti blanditiis, consequuntur nihil nobis sed voluptatibus maiores sunt, illo provident aliquid laborum. Vitae, ut.\r\n\r\nReprehenderit aut sed doloribus blanditiis, aspernatur magni? In molestias rem, similique ut esse repudiandae quod recusandae dolores neque earum omnis at, suscipit fuga? Minima qui veniam deserunt quisquam error amet at ratione nesciunt porro quis placeat repudiandae voluptatibus officiis fuga necessitatibus, expedita officia adipisci eaque labore accusamus? Nesciunt repellat illo exercitationem facilis similique quaerat, quis sequi? Praesentium nulla ipsam dolor.\r\n\r\nDolorum, incidunt! Adipisci harum itaque maxime dolores doloremque porro eligendi quis, doloribus vel sit rerum sunt obcaecati nam suscipit nulla vitae alias blanditiis aliquam debitis atque illo modi et placeat. Ratione iure eveniet provident. Culpa laboriosam sed ad quia. Corrupti, earum, perferendis dolore cupiditate sint nihil maiores iusto tempora nobis porro itaque est. Ut laborum culpa assumenda pariatur et perferendis?\r\n\r\nEst soluta veritatis laboriosam, consequuntur temporibus asperiores, fugit id a ullam sed, expedita sequi doloribus fugiat. Odio et necessitatibus enim nam, iste reprehenderit cupiditate omnis ut iure aliquid obcaecati, repellendus nemo provident eveniet tempora minus! Voluptates aut laboriosam, maiores nihil accusantium, a dolorum quaerat tenetur illo eum culpa cum laudantium sunt doloremque modi possimus magni? Perferendis cum repudiandae corrupti porro.\r\nSunt reprehenderit, hic vel optio odit est dolore, distinctio iure itaque enim pariatur ducimus. Rerum soluta, perspiciatis voluptatum cupiditate praesentium repellendus quas expedita exercitationem tempora aliquam quaerat in eligendi adipisci harum non omnis reprehenderit quidem beatae modi. Ea fugiat enim libero, ipsam dicta explicabo nihil, tempore, nulla repellendus eos necessitatibus eligendi corporis cum? Eaque harum, eligendi itaque numquam aliquam soluta.\r\n\r\nExplicabo perspiciatis, laborum provident voluptates illum in nulla consectetur atque quaerat excepturi quisquam, veniam velit ex pariatur quos consequuntur? Excepturi reiciendis perferendis, cupiditate dolorem eos illum amet. Beatae voluptates nemo esse ratione voluptate, nesciunt fugit magnam veritatis voluptas dignissimos doloribus maiores? Aliquam, dolores natus exercitationem corrupti blanditiis, consequuntur nihil nobis sed voluptatibus maiores sunt, illo provident aliquid laborum. Vitae, ut.\r\n\r\nReprehenderit aut sed doloribus blanditiis, aspernatur magni? In molestias rem, similique ut esse repudiandae quod recusandae dolores neque earum omnis at, suscipit fuga? Minima qui veniam deserunt quisquam error amet at ratione nesciunt porro quis placeat repudiandae voluptatibus officiis fuga necessitatibus, expedita officia adipisci eaque labore accusamus? Nesciunt repellat illo exercitationem facilis similique quaerat, quis sequi? Praesentium nulla ipsam dolor.\r\n\r\nDolorum, incidunt! Adipisci harum itaque maxime dolores doloremque porro eligendi quis, doloribus vel sit rerum sunt obcaecati nam suscipit nulla vitae alias blanditiis aliquam debitis atque illo modi et placeat. Ratione iure eveniet provident. Culpa laboriosam sed ad quia. Corrupti, earum, perferendis dolore cupiditate sint nihil maiores iusto tempora nobis porro itaque est. Ut laborum culpa assumenda pariatur et perferendis?\r\n\r\nEst soluta veritatis laboriosam, consequuntur temporibus asperiores, fugit id a ullam sed, expedita sequi doloribus fugiat. Odio et necessitatibus enim nam, iste reprehenderit cupiditate omnis ut iure aliquid obcaecati, repellendus nemo provident eveniet tempora minus! Voluptates aut laboriosam, maiores nihil accusantium, a dolorum quaerat tenetur illo eum culpa cum laudantium sunt doloremque modi possimus magni? Perferendis cum repudiandae corrupti porro.', '2023-03-29', 'Informatique', 1, 0),
(6, 'Get Back to Work, New York', 'Sunt reprehenderit, hic vel optio odit est dolore, distinctio iure itaque enim pariatur ducimus. Rerum soluta, perspiciatis voluptatum cupiditate praesentium repellendus quas expedita exercitationem tempora aliquam quaerat in eligendi adipisci harum non omnis reprehenderit quidem beatae modi. Ea fugiat enim libero, ipsam dicta explicabo nihil, tempore, nulla repellendus eos necessitatibus eligendi corporis cum? Eaque harum, eligendi itaque numquam aliquam soluta.\r\n\r\nExplicabo perspiciatis, laborum provident voluptates illum in nulla consectetur atque quaerat excepturi quisquam, veniam velit ex pariatur quos consequuntur? Excepturi reiciendis perferendis, cupiditate dolorem eos illum amet. Beatae voluptates nemo esse ratione voluptate, nesciunt fugit magnam veritatis voluptas dignissimos doloribus maiores? Aliquam, dolores natus exercitationem corrupti blanditiis, consequuntur nihil nobis sed voluptatibus maiores sunt, illo provident aliquid laborum. Vitae, ut.\r\n\r\nReprehenderit aut sed doloribus blanditiis, aspernatur magni? In molestias rem, similique ut esse repudiandae quod recusandae dolores neque earum omnis at, suscipit fuga? Minima qui veniam deserunt quisquam error amet at ratione nesciunt porro quis placeat repudiandae voluptatibus officiis fuga necessitatibus, expedita officia adipisci eaque labore accusamus? Nesciunt repellat illo exercitationem facilis similique quaerat, quis sequi? Praesentium nulla ipsam dolor.\r\n\r\nDolorum, incidunt! Adipisci harum itaque maxime dolores doloremque porro eligendi quis, doloribus vel sit rerum sunt obcaecati nam suscipit nulla vitae alias blanditiis aliquam debitis atque illo modi et placeat. Ratione iure eveniet provident. Culpa laboriosam sed ad quia. Corrupti, earum, perferendis dolore cupiditate sint nihil maiores iusto tempora nobis porro itaque est. Ut laborum culpa assumenda pariatur et perferendis?\r\n\r\nEst soluta veritatis laboriosam, consequuntur temporibus asperiores, fugit id a ullam sed, expedita sequi doloribus fugiat. Odio et necessitatibus enim nam, iste reprehenderit cupiditate omnis ut iure aliquid obcaecati, repellendus nemo provident eveniet tempora minus! Voluptates aut laboriosam, maiores nihil accusantium, a dolorum quaerat tenetur illo eum culpa cum laudantium sunt doloremque modi possimus magni? Perferendis cum repudiandae corrupti porro.\r\nSunt reprehenderit, hic vel optio odit est dolore, distinctio iure itaque enim pariatur ducimus. Rerum soluta, perspiciatis voluptatum cupiditate praesentium repellendus quas expedita exercitationem tempora aliquam quaerat in eligendi adipisci harum non omnis reprehenderit quidem beatae modi. Ea fugiat enim libero, ipsam dicta explicabo nihil, tempore, nulla repellendus eos necessitatibus eligendi corporis cum? Eaque harum, eligendi itaque numquam aliquam soluta.\r\n\r\nExplicabo perspiciatis, laborum provident voluptates illum in nulla consectetur atque quaerat excepturi quisquam, veniam velit ex pariatur quos consequuntur? Excepturi reiciendis perferendis, cupiditate dolorem eos illum amet. Beatae voluptates nemo esse ratione voluptate, nesciunt fugit magnam veritatis voluptas dignissimos doloribus maiores? Aliquam, dolores natus exercitationem corrupti blanditiis, consequuntur nihil nobis sed voluptatibus maiores sunt, illo provident aliquid laborum. Vitae, ut.\r\n\r\nReprehenderit aut sed doloribus blanditiis, aspernatur magni? In molestias rem, similique ut esse repudiandae quod recusandae dolores neque earum omnis at, suscipit fuga? Minima qui veniam deserunt quisquam error amet at ratione nesciunt porro quis placeat repudiandae voluptatibus officiis fuga necessitatibus, expedita officia adipisci eaque labore accusamus? Nesciunt repellat illo exercitationem facilis similique quaerat, quis sequi? Praesentium nulla ipsam dolor.\r\n\r\nDolorum, incidunt! Adipisci harum itaque maxime dolores doloremque porro eligendi quis, doloribus vel sit rerum sunt obcaecati nam suscipit nulla vitae alias blanditiis aliquam debitis atque illo modi et placeat. Ratione iure eveniet provident. Culpa laboriosam sed ad quia. Corrupti, earum, perferendis dolore cupiditate sint nihil maiores iusto tempora nobis porro itaque est. Ut laborum culpa assumenda pariatur et perferendis?\r\n\r\nEst soluta veritatis laboriosam, consequuntur temporibus asperiores, fugit id a ullam sed, expedita sequi doloribus fugiat. Odio et necessitatibus enim nam, iste reprehenderit cupiditate omnis ut iure aliquid obcaecati, repellendus nemo provident eveniet tempora minus! Voluptates aut laboriosam, maiores nihil accusantium, a dolorum quaerat tenetur illo eum culpa cum laudantium sunt doloremque modi possimus magni? Perferendis cum repudiandae corrupti porro.', '2023-03-29', 'Biologie', 3, 0),
(7, 'Get 7 toto Back to Work, New York', 'Sunt reprehenderit, hic vel optio odit est dolore, distinctio iure itaque enim pariatur ducimus. Rerum soluta, perspiciatis voluptatum cupiditate praesentium repellendus quas expedita exercitationem tempora aliquam quaerat in eligendi adipisci harum non omnis reprehenderit quidem beatae modi. Ea fugiat enim libero, ipsam dicta explicabo nihil, tempore, nulla repellendus eos necessitatibus eligendi corporis cum? Eaque harum, eligendi itaque numquam aliquam soluta.\r\n\r\nExplicabo perspiciatis, laborum provident voluptates illum in nulla consectetur atque quaerat excepturi quisquam, veniam velit ex pariatur quos consequuntur? Excepturi reiciendis perferendis, cupiditate dolorem eos illum amet. Beatae voluptates nemo esse ratione voluptate, nesciunt fugit magnam veritatis voluptas dignissimos doloribus maiores? Aliquam, dolores natus exercitationem corrupti blanditiis, consequuntur nihil nobis sed voluptatibus maiores sunt, illo provident aliquid laborum. Vitae, ut.\r\n\r\nReprehenderit aut sed doloribus blanditiis, aspernatur magni? In molestias rem, similique ut esse repudiandae quod recusandae dolores neque earum omnis at, suscipit fuga? Minima qui veniam deserunt quisquam error amet at ratione nesciunt porro quis placeat repudiandae voluptatibus officiis fuga necessitatibus, expedita officia adipisci eaque labore accusamus? Nesciunt repellat illo exercitationem facilis similique quaerat, quis sequi? Praesentium nulla ipsam dolor.\r\n\r\nDolorum, incidunt! Adipisci harum itaque maxime dolores doloremque porro eligendi quis, doloribus vel sit rerum sunt obcaecati nam suscipit nulla vitae alias blanditiis aliquam debitis atque illo modi et placeat. Ratione iure eveniet provident. Culpa laboriosam sed ad quia. Corrupti, earum, perferendis dolore cupiditate sint nihil maiores iusto tempora nobis porro itaque est. Ut laborum culpa assumenda pariatur et perferendis?\r\n\r\nEst soluta veritatis laboriosam, consequuntur temporibus asperiores, fugit id a ullam sed, expedita sequi doloribus fugiat. Odio et necessitatibus enim nam, iste reprehenderit cupiditate omnis ut iure aliquid obcaecati, repellendus nemo provident eveniet tempora minus! Voluptates aut laboriosam, maiores nihil accusantium, a dolorum quaerat tenetur illo eum culpa cum laudantium sunt doloremque modi possimus magni? Perferendis cum repudiandae corrupti porro.\r\nSunt reprehenderit, hic vel optio odit est dolore, distinctio iure itaque enim pariatur ducimus. Rerum soluta, perspiciatis voluptatum cupiditate praesentium repellendus quas expedita exercitationem tempora aliquam quaerat in eligendi adipisci harum non omnis reprehenderit quidem beatae modi. Ea fugiat enim libero, ipsam dicta explicabo nihil, tempore, nulla repellendus eos necessitatibus eligendi corporis cum? Eaque harum, eligendi itaque numquam aliquam soluta.\r\n\r\nExplicabo perspiciatis, laborum provident voluptates illum in nulla consectetur atque quaerat excepturi quisquam, veniam velit ex pariatur quos consequuntur? Excepturi reiciendis perferendis, cupiditate dolorem eos illum amet. Beatae voluptates nemo esse ratione voluptate, nesciunt fugit magnam veritatis voluptas dignissimos doloribus maiores? Aliquam, dolores natus exercitationem corrupti blanditiis, consequuntur nihil nobis sed voluptatibus maiores sunt, illo provident aliquid laborum. Vitae, ut.\r\n\r\nReprehenderit aut sed doloribus blanditiis, aspernatur magni? In molestias rem, similique ut esse repudiandae quod recusandae dolores neque earum omnis at, suscipit fuga? Minima qui veniam deserunt quisquam error amet at ratione nesciunt porro quis placeat repudiandae voluptatibus officiis fuga necessitatibus, expedita officia adipisci eaque labore accusamus? Nesciunt repellat illo exercitationem facilis similique quaerat, quis sequi? Praesentium nulla ipsam dolor.\r\n\r\nDolorum, incidunt! Adipisci harum itaque maxime dolores doloremque porro eligendi quis, doloribus vel sit rerum sunt obcaecati nam suscipit nulla vitae alias blanditiis aliquam debitis atque illo modi et placeat. Ratione iure eveniet provident. Culpa laboriosam sed ad quia. Corrupti, earum, perferendis dolore cupiditate sint nihil maiores iusto tempora nobis porro itaque est. Ut laborum culpa assumenda pariatur et perferendis?\r\n\r\nEst soluta veritatis laboriosam, consequuntur temporibus asperiores, fugit id a ullam sed, expedita sequi doloribus fugiat. Odio et necessitatibus enim nam, iste reprehenderit cupiditate omnis ut iure aliquid obcaecati, repellendus nemo provident eveniet tempora minus! Voluptates aut laboriosam, maiores nihil accusantium, a dolorum quaerat tenetur illo eum culpa cum laudantium sunt doloremque modi possimus magni? Perferendis cum repudiandae corrupti porro.', '2023-03-29', 'Mecanique', 9, 0),
(8, 'Get Back to Work, New York', 'Sunt reprehenderit, hic vel optio odit est dolore, distinctio iure itaque enim pariatur ducimus. Rerum soluta, perspiciatis voluptatum cupiditate praesentium repellendus quas expedita exercitationem tempora aliquam quaerat in eligendi adipisci harum non omnis reprehenderit quidem beatae modi. Ea fugiat enim libero, ipsam dicta explicabo nihil, tempore, nulla repellendus eos necessitatibus eligendi corporis cum? Eaque harum, eligendi itaque numquam aliquam soluta.\r\n\r\nExplicabo perspiciatis, laborum provident voluptates illum in nulla consectetur atque quaerat excepturi quisquam, veniam velit ex pariatur quos consequuntur? Excepturi reiciendis perferendis, cupiditate dolorem eos illum amet. Beatae voluptates nemo esse ratione voluptate, nesciunt fugit magnam veritatis voluptas dignissimos doloribus maiores? Aliquam, dolores natus exercitationem corrupti blanditiis, consequuntur nihil nobis sed voluptatibus maiores sunt, illo provident aliquid laborum. Vitae, ut.\r\n\r\nReprehenderit aut sed doloribus blanditiis, aspernatur magni? In molestias rem, similique ut esse repudiandae quod recusandae dolores neque earum omnis at, suscipit fuga? Minima qui veniam deserunt quisquam error amet at ratione nesciunt porro quis placeat repudiandae voluptatibus officiis fuga necessitatibus, expedita officia adipisci eaque labore accusamus? Nesciunt repellat illo exercitationem facilis similique quaerat, quis sequi? Praesentium nulla ipsam dolor.\r\n\r\nDolorum, incidunt! Adipisci harum itaque maxime dolores doloremque porro eligendi quis, doloribus vel sit rerum sunt obcaecati nam suscipit nulla vitae alias blanditiis aliquam debitis atque illo modi et placeat. Ratione iure eveniet provident. Culpa laboriosam sed ad quia. Corrupti, earum, perferendis dolore cupiditate sint nihil maiores iusto tempora nobis porro itaque est. Ut laborum culpa assumenda pariatur et perferendis?\r\n\r\nEst soluta veritatis laboriosam, consequuntur temporibus asperiores, fugit id a ullam sed, expedita sequi doloribus fugiat. Odio et necessitatibus enim nam, iste reprehenderit cupiditate omnis ut iure aliquid obcaecati, repellendus nemo provident eveniet tempora minus! Voluptates aut laboriosam, maiores nihil accusantium, a dolorum quaerat tenetur illo eum culpa cum laudantium sunt doloremque modi possimus magni? Perferendis cum repudiandae corrupti porro.\r\nSunt reprehenderit, hic vel optio odit est dolore, distinctio iure itaque enim pariatur ducimus. Rerum soluta, perspiciatis voluptatum cupiditate praesentium repellendus quas expedita exercitationem tempora aliquam quaerat in eligendi adipisci harum non omnis reprehenderit quidem beatae modi. Ea fugiat enim libero, ipsam dicta explicabo nihil, tempore, nulla repellendus eos necessitatibus eligendi corporis cum? Eaque harum, eligendi itaque numquam aliquam soluta.\r\n\r\nExplicabo perspiciatis, laborum provident voluptates illum in nulla consectetur atque quaerat excepturi quisquam, veniam velit ex pariatur quos consequuntur? Excepturi reiciendis perferendis, cupiditate dolorem eos illum amet. Beatae voluptates nemo esse ratione voluptate, nesciunt fugit magnam veritatis voluptas dignissimos doloribus maiores? Aliquam, dolores natus exercitationem corrupti blanditiis, consequuntur nihil nobis sed voluptatibus maiores sunt, illo provident aliquid laborum. Vitae, ut.\r\n\r\nReprehenderit aut sed doloribus blanditiis, aspernatur magni? In molestias rem, similique ut esse repudiandae quod recusandae dolores neque earum omnis at, suscipit fuga? Minima qui veniam deserunt quisquam error amet at ratione nesciunt porro quis placeat repudiandae voluptatibus officiis fuga necessitatibus, expedita officia adipisci eaque labore accusamus? Nesciunt repellat illo exercitationem facilis similique quaerat, quis sequi? Praesentium nulla ipsam dolor.\r\n\r\nDolorum, incidunt! Adipisci harum itaque maxime dolores doloremque porro eligendi quis, doloribus vel sit rerum sunt obcaecati nam suscipit nulla vitae alias blanditiis aliquam debitis atque illo modi et placeat. Ratione iure eveniet provident. Culpa laboriosam sed ad quia. Corrupti, earum, perferendis dolore cupiditate sint nihil maiores iusto tempora nobis porro itaque est. Ut laborum culpa assumenda pariatur et perferendis?\r\n\r\nEst soluta veritatis laboriosam, consequuntur temporibus asperiores, fugit id a ullam sed, expedita sequi doloribus fugiat. Odio et necessitatibus enim nam, iste reprehenderit cupiditate omnis ut iure aliquid obcaecati, repellendus nemo provident eveniet tempora minus! Voluptates aut laboriosam, maiores nihil accusantium, a dolorum quaerat tenetur illo eum culpa cum laudantium sunt doloremque modi possimus magni? Perferendis cum repudiandae corrupti porro.', '2023-03-29', 'Electronique', 1, 0),
(9, 'Get Back to Work, New York', 'Sunt reprehenderit, hic vel optio odit est dolore, distinctio iure itaque enim pariatur ducimus. Rerum soluta, perspiciatis voluptatum cupiditate praesentium repellendus quas expedita exercitationem tempora aliquam quaerat in eligendi adipisci harum non omnis reprehenderit quidem beatae modi. Ea fugiat enim libero, ipsam dicta explicabo nihil, tempore, nulla repellendus eos necessitatibus eligendi corporis cum? Eaque harum, eligendi itaque numquam aliquam soluta.\r\n\r\nExplicabo perspiciatis, laborum provident voluptates illum in nulla consectetur atque quaerat excepturi quisquam, veniam velit ex pariatur quos consequuntur? Excepturi reiciendis perferendis, cupiditate dolorem eos illum amet. Beatae voluptates nemo esse ratione voluptate, nesciunt fugit magnam veritatis voluptas dignissimos doloribus maiores? Aliquam, dolores natus exercitationem corrupti blanditiis, consequuntur nihil nobis sed voluptatibus maiores sunt, illo provident aliquid laborum. Vitae, ut.\r\n\r\nReprehenderit aut sed doloribus blanditiis, aspernatur magni? In molestias rem, similique ut esse repudiandae quod recusandae dolores neque earum omnis at, suscipit fuga? Minima qui veniam deserunt quisquam error amet at ratione nesciunt porro quis placeat repudiandae voluptatibus officiis fuga necessitatibus, expedita officia adipisci eaque labore accusamus? Nesciunt repellat illo exercitationem facilis similique quaerat, quis sequi? Praesentium nulla ipsam dolor.\r\n\r\nDolorum, incidunt! Adipisci harum itaque maxime dolores doloremque porro eligendi quis, doloribus vel sit rerum sunt obcaecati nam suscipit nulla vitae alias blanditiis aliquam debitis atque illo modi et placeat. Ratione iure eveniet provident. Culpa laboriosam sed ad quia. Corrupti, earum, perferendis dolore cupiditate sint nihil maiores iusto tempora nobis porro itaque est. Ut laborum culpa assumenda pariatur et perferendis?\r\n\r\nEst soluta veritatis laboriosam, consequuntur temporibus asperiores, fugit id a ullam sed, expedita sequi doloribus fugiat. Odio et necessitatibus enim nam, iste reprehenderit cupiditate omnis ut iure aliquid obcaecati, repellendus nemo provident eveniet tempora minus! Voluptates aut laboriosam, maiores nihil accusantium, a dolorum quaerat tenetur illo eum culpa cum laudantium sunt doloremque modi possimus magni? Perferendis cum repudiandae corrupti porro.\r\nSunt reprehenderit, hic vel optio odit est dolore, distinctio iure itaque enim pariatur ducimus. Rerum soluta, perspiciatis voluptatum cupiditate praesentium repellendus quas expedita exercitationem tempora aliquam quaerat in eligendi adipisci harum non omnis reprehenderit quidem beatae modi. Ea fugiat enim libero, ipsam dicta explicabo nihil, tempore, nulla repellendus eos necessitatibus eligendi corporis cum? Eaque harum, eligendi itaque numquam aliquam soluta.\r\n\r\nExplicabo perspiciatis, laborum provident voluptates illum in nulla consectetur atque quaerat excepturi quisquam, veniam velit ex pariatur quos consequuntur? Excepturi reiciendis perferendis, cupiditate dolorem eos illum amet. Beatae voluptates nemo esse ratione voluptate, nesciunt fugit magnam veritatis voluptas dignissimos doloribus maiores? Aliquam, dolores natus exercitationem corrupti blanditiis, consequuntur nihil nobis sed voluptatibus maiores sunt, illo provident aliquid laborum. Vitae, ut.\r\n\r\nReprehenderit aut sed doloribus blanditiis, aspernatur magni? In molestias rem, similique ut esse repudiandae quod recusandae dolores neque earum omnis at, suscipit fuga? Minima qui veniam deserunt quisquam error amet at ratione nesciunt porro quis placeat repudiandae voluptatibus officiis fuga necessitatibus, expedita officia adipisci eaque labore accusamus? Nesciunt repellat illo exercitationem facilis similique quaerat, quis sequi? Praesentium nulla ipsam dolor.\r\n\r\nDolorum, incidunt! Adipisci harum itaque maxime dolores doloremque porro eligendi quis, doloribus vel sit rerum sunt obcaecati nam suscipit nulla vitae alias blanditiis aliquam debitis atque illo modi et placeat. Ratione iure eveniet provident. Culpa laboriosam sed ad quia. Corrupti, earum, perferendis dolore cupiditate sint nihil maiores iusto tempora nobis porro itaque est. Ut laborum culpa assumenda pariatur et perferendis?\r\n\r\nEst soluta veritatis laboriosam, consequuntur temporibus asperiores, fugit id a ullam sed, expedita sequi doloribus fugiat. Odio et necessitatibus enim nam, iste reprehenderit cupiditate omnis ut iure aliquid obcaecati, repellendus nemo provident eveniet tempora minus! Voluptates aut laboriosam, maiores nihil accusantium, a dolorum quaerat tenetur illo eum culpa cum laudantium sunt doloremque modi possimus magni? Perferendis cum repudiandae corrupti porro.', '2023-03-29', 'Electronique', 1, 0),
(10, 'Get 10 informatique to Work, New York', 'Sunt reprehenderit, hic vel optio odit est dolore, distinctio iure itaque enim pariatur ducimus. Rerum soluta, perspiciatis voluptatum cupiditate praesentium repellendus quas expedita exercitationem tempora aliquam quaerat in eligendi adipisci harum non omnis reprehenderit quidem beatae modi. Ea fugiat enim libero, ipsam dicta explicabo nihil, tempore, nulla repellendus eos necessitatibus eligendi corporis cum? Eaque harum, eligendi itaque numquam aliquam soluta.\r\n\r\nExplicabo perspiciatis, laborum provident voluptates illum in nulla consectetur atque quaerat excepturi quisquam, veniam velit ex pariatur quos consequuntur? Excepturi reiciendis perferendis, cupiditate dolorem eos illum amet. Beatae voluptates nemo esse ratione voluptate, nesciunt fugit magnam veritatis voluptas dignissimos doloribus maiores? Aliquam, dolores natus exercitationem corrupti blanditiis, consequuntur nihil nobis sed voluptatibus maiores sunt, illo provident aliquid laborum. Vitae, ut.\r\n\r\nReprehenderit aut sed doloribus blanditiis, aspernatur magni? In molestias rem, similique ut esse repudiandae quod recusandae dolores neque earum omnis at, suscipit fuga? Minima qui veniam deserunt quisquam error amet at ratione nesciunt porro quis placeat repudiandae voluptatibus officiis fuga necessitatibus, expedita officia adipisci eaque labore accusamus? Nesciunt repellat illo exercitationem facilis similique quaerat, quis sequi? Praesentium nulla ipsam dolor.\r\n\r\nDolorum, incidunt! Adipisci harum itaque maxime dolores doloremque porro eligendi quis, doloribus vel sit rerum sunt obcaecati nam suscipit nulla vitae alias blanditiis aliquam debitis atque illo modi et placeat. Ratione iure eveniet provident. Culpa laboriosam sed ad quia. Corrupti, earum, perferendis dolore cupiditate sint nihil maiores iusto tempora nobis porro itaque est. Ut laborum culpa assumenda pariatur et perferendis?\r\n\r\nEst soluta veritatis laboriosam, consequuntur temporibus asperiores, fugit id a ullam sed, expedita sequi doloribus fugiat. Odio et necessitatibus enim nam, iste reprehenderit cupiditate omnis ut iure aliquid obcaecati, repellendus nemo provident eveniet tempora minus! Voluptates aut laboriosam, maiores nihil accusantium, a dolorum quaerat tenetur illo eum culpa cum laudantium sunt doloremque modi possimus magni? Perferendis cum repudiandae corrupti porro.\r\nSunt reprehenderit, hic vel optio odit est dolore, distinctio iure itaque enim pariatur ducimus. Rerum soluta, perspiciatis voluptatum cupiditate praesentium repellendus quas expedita exercitationem tempora aliquam quaerat in eligendi adipisci harum non omnis reprehenderit quidem beatae modi. Ea fugiat enim libero, ipsam dicta explicabo nihil, tempore, nulla repellendus eos necessitatibus eligendi corporis cum? Eaque harum, eligendi itaque numquam aliquam soluta.\r\n\r\nExplicabo perspiciatis, laborum provident voluptates illum in nulla consectetur atque quaerat excepturi quisquam, veniam velit ex pariatur quos consequuntur? Excepturi reiciendis perferendis, cupiditate dolorem eos illum amet. Beatae voluptates nemo esse ratione voluptate, nesciunt fugit magnam veritatis voluptas dignissimos doloribus maiores? Aliquam, dolores natus exercitationem corrupti blanditiis, consequuntur nihil nobis sed voluptatibus maiores sunt, illo provident aliquid laborum. Vitae, ut.\r\n\r\nReprehenderit aut sed doloribus blanditiis, aspernatur magni? In molestias rem, similique ut esse repudiandae quod recusandae dolores neque earum omnis at, suscipit fuga? Minima qui veniam deserunt quisquam error amet at ratione nesciunt porro quis placeat repudiandae voluptatibus officiis fuga necessitatibus, expedita officia adipisci eaque labore accusamus? Nesciunt repellat illo exercitationem facilis similique quaerat, quis sequi? Praesentium nulla ipsam dolor.\r\n\r\nDolorum, incidunt! Adipisci harum itaque maxime dolores doloremque porro eligendi quis, doloribus vel sit rerum sunt obcaecati nam suscipit nulla vitae alias blanditiis aliquam debitis atque illo modi et placeat. Ratione iure eveniet provident. Culpa laboriosam sed ad quia. Corrupti, earum, perferendis dolore cupiditate sint nihil maiores iusto tempora nobis porro itaque est. Ut laborum culpa assumenda pariatur et perferendis?\r\n\r\nEst soluta veritatis laboriosam, consequuntur temporibus asperiores, fugit id a ullam sed, expedita sequi doloribus fugiat. Odio et necessitatibus enim nam, iste reprehenderit cupiditate omnis ut iure aliquid obcaecati, repellendus nemo provident eveniet tempora minus! Voluptates aut laboriosam, maiores nihil accusantium, a dolorum quaerat tenetur illo eum culpa cum laudantium sunt doloremque modi possimus magni? Perferendis cum repudiandae corrupti porro.', '2023-03-29', 'Electronique', 6, 0),
(11, 'Get 11 Back to Work, New York', 'Get Back to Work, New York Get Back to Work, New York Get Back to Work, New York Get Back to Work, New York Get Back to Work, New York Get Back to Work, New York Get Back to Work, New York Get Back to Work, New York Get Back to Work, New York Get Back to Work, New York Get Back to Work, New York Get Back to Work, New York Get Back to Work, New York Get Back to Work, New York Get Back to Work, New York Get Back to Work, New York Get Back to Work, New York Get Back to Work, New York Get Back to Work, New York Get Back to Work, New York Get Back to Work, New York Get Back to Work, New York Get Back to Work, New York Get Back to Work, New York v', '2023-03-10', 'Technologie', 7, 0),
(12, 'Get toto 11 Back to Work, New York', 'Get Back to Work, New York Get Back to Work, New York Get Back to Work, New York ssssGet Back to Work, New York Get Back to Work, New York Get Back to Work, New York Get Back to Work, New York Get Back to Work, New York Get Back to Work, New York Get Back to Work, New York Get Back to Work, New York Get Back to Work, New York Get Back to Work, New York Get Back to Work, New York Get Back to Work, New York Get Back to Work, New York Get Back to Work, New York Get Back to Work, New York Get Back to Work, New York Get Back to Work, New York Get Back to Work, New York Get Back to Work, New York Get Back to Work, New York Get Back to Work, New York v', '2023-03-10', 'xxxxx', 1, 0);
INSERT INTO `articles` (`id_article`, `titre`, `contenu`, `date`, `categorie`, `id_abonnee`, `vues`) VALUES
(13, 'Get zzzz 11 Back to Work, New York', 'Get Back to Work, New York Get Back to Work, New York Get Back to Work, New York ssssGet Back to Work, New York Get Back to Work, New York Get Back to Work, New York Get Back to Work, New York Get Back to Work, New York Get Back to Work, New York Get Back to Work, New York Get Back to Work, New York Get Back to Work, New York Get Back to Work, New York Get Back to Work, New York Get Back to Work, New York Get Back to Work, New York Get Back to Work, New York Get Back to Work, New York Get Back to Work, New York Get Back to Work, New York Get Back to Work, New York Get Back to Work, New York Get Back to Work, New York Get Back to Work, New York v', '2023-03-10', 'zzzzzzzzzz ', 1, 0),
(14, 'Get zzzz 11 Back to Work, New York', 'Get Back to Work, New York Get Back to Work, New York Get Back to Work, New York ssssGet Back to Work, New York Get Back to Work, New York Get Back to Work, New York Get Back to Work, New York Get Back to Work, New York Get Back to Work, New York Get Back to Work, New York Get Back to Work, New York Get Back to Work, New York Get Back to Work, New York Get Back to Work, New York Get Back to Work, New York Get Back to Work, New York Get Back to Work, New York Get Back to Work, New York Get Back to Work, New York Get Back to Work, New York Get Back to Work, New York Get Back to Work, New York Get Back to Work, New York Get Back to Work, New York v', '2023-03-10', 'ma categorie', 1, 0);

-- --------------------------------------------------------

--
-- Structure de la table `comments`
--

CREATE TABLE `comments` (
  `id_comment` int(11) NOT NULL,
  `contenu` text DEFAULT NULL,
  `id_abonnee` int(11) DEFAULT NULL,
  `id_article` int(11) DEFAULT NULL,
  `nbr_aime` int(11) NOT NULL DEFAULT 0,
  `date` datetime NOT NULL DEFAULT current_timestamp()
) ENGINE=InnoDB DEFAULT CHARSET=utf8mb4 COLLATE=utf8mb4_general_ci;

--
-- Déchargement des données de la table `comments`
--

INSERT INTO `comments` (`id_comment`, `contenu`, `id_abonnee`, `id_article`, `nbr_aime`, `date`) VALUES
(1, 'Lorem ipsum dolor sit amet consectetur adipisicing elit. Iusto laborum in corrupti dolorum, quas delectus nobis porro accusantium molestias sequi.\n', 1, 9, 0, '2023-04-28 00:00:00'),
(5, 'Lorem ipsum dolor sit amet consectetur adipisicing elit. Iusto laborum in corrupti dolorum, quas delectus nobis porro accusantium molestias sequi.\r\n', 2, 9, 0, '2023-04-28 00:00:00'),
(6, 'Lorem ipsum dolor sit amet consectetur adipisicing elit. Iusto laborum in corrupti dolorum, quas delectus nobis porro accusantium molestias sequi.\n', 2, 10, 0, '2023-04-28 00:00:00'),
(7, 'Voluptates aut laboriosam, maiores nihil accusantium, a dolorum quaerat tenetur illo eum culpa cum laudantium sunt doloremque modi possimus magni? Perferendis cum repudiandae corrupti porro.', 2, 8, 0, '2023-04-28 00:00:00'),
(8, 'am sed ad quia. Corrupti, earum, perferendis dolore cupiditate sint nihil maiores iusto tempora nobis porro itaque est. Ut laborum culpa assu', 2, 8, 0, '2023-04-28 00:00:00'),
(9, 'Voluptates aut laboriosam, maiores nihil accusantium, a dolorum quaerat tenetur illo eum culpa cum laudantium sunt doloremque modi possimus magni? Perferendis cum repudiandae corrupti porro.', 1, 10, 0, '2023-04-28 00:00:00'),
(10, 'Lorem ipsum dolor sit amet consectetur adipisicing elit. Iusto laborum in corrupti dolorum, quas delectus nobis porro accusantium molestias sequi.\r\n', 3, 10, 0, '2023-04-28 00:00:00'),
(11, 'Voluptates aut laboriosam, maiores nihil accusantium, a dolorum quaerat tenetur illo eum culpa cum laudantium sunt doloremque modi possimus magni? Perferendis cum repudiandae corrupti porro.', 3, 6, 0, '2023-04-28 00:00:00'),
(12, 'unt reprehenderit, hic vel optio odit est dolore, distinctio iure itaque enim pariatur ducimus. Rerum soluta, perspiciatis voluptatum cupiditate praesentium repellendus quas expedita exercitationem tempora aliquam quaerat in eligendi adipisci harum non omnis reprehenderit quidem beatae modi. Ea fugiat enim libero, \r\n', 3, 7, 0, '2023-04-28 00:00:00'),
(13, 'hfghfghfgh', 3, 9, 0, '2023-04-28 00:00:00'),
(14, 'ghjghjghjghj', 3, 9, 0, '2023-04-28 00:00:00'),
(15, 'ghjghjghjghj', 3, 9, 0, '2023-04-28 00:00:00'),
(16, 'ghjghjghjghj', 3, 9, 0, '2023-04-28 00:00:00'),
(17, 'tyrtyrtyrtyrty', 3, 9, 0, '2023-04-28 00:00:00'),
(18, 'cupiditate omnis ut iure aliquid obcaecati, repellendus nemo provident eveniet tempora minus!', 3, 9, 0, '2023-04-28 00:00:00'),
(20, 'ghgfhfgh fghfgh', 3, 9, 0, '2023-04-28 00:00:00'),
(21, 'aaaaaaaaaa', 3, 9, 0, '2023-05-12 00:00:00'),
(22, 'erterterte', 3, 9, 0, '2023-05-12 00:00:00'),
(24, 'ertertert', 3, 9, 0, '2023-05-12 00:00:00'),
(25, 'tzetztzet', 3, 9, 0, '2023-05-12 00:00:00'),
(26, 'yeryeryeryery', 3, 9, 0, '2023-05-12 00:00:00'),
(29, 'xxxxxxxxxxxxxxx', 3, 9, 0, '2023-05-12 00:00:00'),
(31, 'xxxxxxxxxxxx', 3, 9, 0, '2023-05-12 00:00:00'),
(32, 'xxxxx', 3, 9, 0, '2023-05-12 00:00:00'),
(34, 'aaaaa', 3, 9, 0, '2023-05-12 00:00:00'),
(35, 'erzerzerzer', 3, 9, 0, '2023-05-12 00:00:00'),
(36, 'aaaaa', 3, 9, 0, '2023-05-12 00:00:00'),
(37, 'aaaaaa', 3, 9, 0, '2023-05-12 00:00:00'),
(38, 'tyrtyrtyrty', 3, 8, 0, '2023-05-12 00:00:00'),
(40, 'dfgdfgdfgdfgdfg', 3, 9, 0, '2023-05-12 00:00:00'),
(41, 'tyrtyrtyrty', 3, 9, 0, '2023-05-12 00:00:00'),
(42, 'rtyrtyrtyrt', 3, 9, 0, '2023-05-12 00:00:00'),
(43, 'rtyrtyrtyrt', 3, 9, 0, '2023-05-12 00:00:00'),
(44, 'dfgdfgdfg', 3, 9, 0, '2023-05-12 00:00:00'),
(45, 'rtyrtyrty', 3, 9, 0, '2023-05-12 00:00:00'),
(46, 'tertertert', 3, 9, 0, '2023-05-12 00:00:00'),
(47, 'xxxxxxxxxxxxxxx', 3, 9, 0, '2023-05-12 00:00:00'),
(48, 'xxxxxxxxxxxxxxx', 3, 9, 0, '2023-05-12 00:00:00'),
(49, 'xxxxxxxxxxxxxxx', 3, 9, 0, '2023-05-12 00:00:00'),
(50, 'xxxxxxxxxxxxxxx', 3, 9, 0, '2023-05-12 00:00:00'),
(51, 'xxxxxxxxxxxxxxx', 3, 9, 0, '2023-05-12 00:00:00'),
(52, 'xxxxxxxxxxxxxxx', 3, 9, 0, '2023-05-12 00:00:00'),
(53, 'xxxxxxxxxxxxxxx', 3, 9, 0, '2023-05-12 00:00:00'),
(54, 'xxxxxxxxxxxxxxx', 3, 9, 0, '2023-05-12 00:00:00'),
(55, 'xxxxxxxxxxxxxxx', 3, 9, 0, '2023-05-12 00:00:00'),
(56, 'xxxxxxxxxxxxxxx', 3, 9, 0, '2023-05-12 00:00:00'),
(60, 'sfdsdfsdfsd', 3, 9, 0, '2023-05-16 00:00:00'),
(66, 'cbcvbcvb', 3, 8, 0, '2023-05-16 18:00:34'),
(67, 'xxxxxxxxxxxx', 3, 8, 0, '2023-05-16 18:01:10'),
(68, 'xxxxxxxxxxxx', 3, 8, 0, '2023-05-16 18:01:25'),
(69, 'xxxxxxxxxxxx', 3, 8, 0, '2023-05-16 18:01:43'),
(70, 'xxxxxxxxxxxx', 3, 8, 0, '2023-05-16 18:02:04'),
(71, 'xxxxxxxxxxxx', 3, 8, 0, '2023-05-16 18:03:14'),
(72, 'xxxxxxxxxxxx', 3, 8, 0, '2023-05-16 18:05:01'),
(73, 'cocowawa', 3, 8, 0, '2023-05-16 18:05:13'),
(74, 'vbnvbnvb', 3, 8, 0, '2023-05-16 18:05:51'),
(75, 'vbnvbnvb', 3, 8, 0, '2023-05-16 18:22:59'),
(76, 'vbnvbnvb', 3, 8, 0, '2023-05-16 18:23:55'),
(77, 'vbnvbnvb', 3, 8, 0, '2023-05-16 18:26:00'),
(78, 'vbnvbnvb', 3, 8, 0, '2023-05-16 18:27:38'),
(79, 'vbnvbnvb', 3, 8, 0, '2023-05-16 18:33:23');

--
-- Index pour les tables déchargées
--

--
-- Index pour la table `abonnee`
--
ALTER TABLE `abonnee`
  ADD PRIMARY KEY (`id_abonnee`);

--
-- Index pour la table `aimer`
--
ALTER TABLE `aimer`
  ADD PRIMARY KEY (`id_aimer`),
  ADD KEY `id_abonnee` (`id_abonnee`),
  ADD KEY `id_article` (`id_article`);

--
-- Index pour la table `articles`
--
ALTER TABLE `articles`
  ADD PRIMARY KEY (`id_article`),
  ADD KEY `id_abonnee` (`id_abonnee`);

--
-- Index pour la table `comments`
--
ALTER TABLE `comments`
  ADD PRIMARY KEY (`id_comment`),
  ADD KEY `id_article` (`id_article`),
  ADD KEY `id_abonnee` (`id_abonnee`),
  ADD KEY `id_article_2` (`id_article`);

--
-- AUTO_INCREMENT pour les tables déchargées
--

--
-- AUTO_INCREMENT pour la table `abonnee`
--
ALTER TABLE `abonnee`
  MODIFY `id_abonnee` int(11) NOT NULL AUTO_INCREMENT, AUTO_INCREMENT=11;

--
-- AUTO_INCREMENT pour la table `aimer`
--
ALTER TABLE `aimer`
  MODIFY `id_aimer` int(11) NOT NULL AUTO_INCREMENT, AUTO_INCREMENT=59;

--
-- AUTO_INCREMENT pour la table `articles`
--
ALTER TABLE `articles`
  MODIFY `id_article` int(11) NOT NULL AUTO_INCREMENT, AUTO_INCREMENT=15;

--
-- AUTO_INCREMENT pour la table `comments`
--
ALTER TABLE `comments`
  MODIFY `id_comment` int(11) NOT NULL AUTO_INCREMENT, AUTO_INCREMENT=80;

--
-- Contraintes pour les tables déchargées
--

--
-- Contraintes pour la table `aimer`
--
ALTER TABLE `aimer`
  ADD CONSTRAINT `aimer_ibfk_1` FOREIGN KEY (`id_abonnee`) REFERENCES `abonnee` (`id_abonnee`) ON DELETE CASCADE ON UPDATE CASCADE,
  ADD CONSTRAINT `aimer_ibfk_2` FOREIGN KEY (`id_article`) REFERENCES `articles` (`id_article`) ON DELETE CASCADE ON UPDATE CASCADE;

--
-- Contraintes pour la table `articles`
--
ALTER TABLE `articles`
  ADD CONSTRAINT `articles_ibfk_1` FOREIGN KEY (`id_abonnee`) REFERENCES `abonnee` (`id_abonnee`) ON DELETE CASCADE ON UPDATE CASCADE;

--
-- Contraintes pour la table `comments`
--
ALTER TABLE `comments`
  ADD CONSTRAINT `comments_ibfk_2` FOREIGN KEY (`id_abonnee`) REFERENCES `abonnee` (`id_abonnee`) ON DELETE CASCADE ON UPDATE NO ACTION,
  ADD CONSTRAINT `comments_ibfk_3` FOREIGN KEY (`id_article`) REFERENCES `articles` (`id_article`);
COMMIT;

/*!40101 SET CHARACTER_SET_CLIENT=@OLD_CHARACTER_SET_CLIENT */;
/*!40101 SET CHARACTER_SET_RESULTS=@OLD_CHARACTER_SET_RESULTS */;
/*!40101 SET COLLATION_CONNECTION=@OLD_COLLATION_CONNECTION */;
